{"cameraMode":{"drawMode":0,"name":"Shaded","section":"Shading Mode"},"sceneLighting":false,"audioPlay":false,"sceneViewState":{"m_AlwaysRefresh":false,"showFog":true,"showSkybox":false,"showFlares":true,"showImageEffects":true,"showParticleSystems":true,"showVisualEffectGraphs":true,"m_FxEnabled":true},"in2DMode":false,"pivot":{"x":0.5253766179084778,"y":4.108266353607178,"z":-4.956887245178223},"rotation":{"x":0.0024024853482842447,"y":0.9966451525688171,"z":0.03319886699318886,"w":-0.07519500702619553},"size":3.1427385807037355,"orthographic":false}