{"cameraMode":{"drawMode":0,"name":"Shaded","section":"Shading Mode"},"sceneLighting":false,"audioPlay":false,"sceneViewState":{"m_AlwaysRefresh":false,"showFog":true,"showSkybox":false,"showFlares":true,"showImageEffects":true,"showParticleSystems":true,"showVisualEffectGraphs":true,"m_FxEnabled":true},"in2DMode":false,"pivot":{"x":-7.3709211349487309,"y":55.042022705078128,"z":-5.019290924072266},"rotation":{"x":0.07966552674770355,"y":0.037665966898202899,"z":-0.0031770800705999138,"w":0.9961325526237488},"size":1.1967860460281373,"orthographic":false}