{"cameraMode":{"drawMode":0,"name":"Shaded","section":"Shading Mode"},"sceneLighting":false,"audioPlay":false,"sceneViewState":{"m_AlwaysRefresh":false,"showFog":true,"showSkybox":false,"showFlares":true,"showImageEffects":true,"showParticleSystems":true,"showVisualEffectGraphs":true,"m_FxEnabled":true},"in2DMode":false,"pivot":{"x":-6.81462287902832,"y":54.845672607421878,"z":-3.8415560722351076},"rotation":{"x":-0.10148366540670395,"y":-0.11107300221920014,"z":0.011508815921843052,"w":-0.9885703325271606},"size":1.1992144584655762,"orthographic":false}