{"cameraMode":{"drawMode":0,"name":"Shaded","section":"Shading Mode"},"sceneLighting":false,"audioPlay":false,"sceneViewState":{"m_AlwaysRefresh":false,"showFog":true,"showSkybox":false,"showFlares":true,"showImageEffects":true,"showParticleSystems":true,"showVisualEffectGraphs":true,"m_FxEnabled":true},"in2DMode":false,"pivot":{"x":23.025501251220704,"y":5.4581732749938969,"z":-8.896750450134278},"rotation":{"x":-0.05802721902728081,"y":0.8246040344238281,"z":0.08582773059606552,"w":0.5561416745185852},"size":12.669951438903809,"orthographic":false}