{"cameraMode":{"drawMode":0,"name":"Shaded","section":"Shading Mode"},"sceneLighting":false,"audioPlay":false,"sceneViewState":{"m_AlwaysRefresh":false,"showFog":true,"showSkybox":false,"showFlares":true,"showImageEffects":true,"showParticleSystems":true,"showVisualEffectGraphs":true,"m_FxEnabled":true},"in2DMode":false,"pivot":{"x":-0.003716707229614258,"y":-0.009410262107849121,"z":-3.2004752159118654},"rotation":{"x":-0.14187704026699067,"y":-0.6485850811004639,"z":0.12496279180049896,"w":-0.7372702360153198},"size":1.6881943941116334,"orthographic":false}