{"cameraMode":{"drawMode":0,"name":"Shaded","section":"Shading Mode"},"sceneLighting":false,"audioPlay":false,"sceneViewState":{"m_AlwaysRefresh":false,"showFog":true,"showSkybox":false,"showFlares":true,"showImageEffects":true,"showParticleSystems":true,"showVisualEffectGraphs":true,"m_FxEnabled":true},"in2DMode":false,"pivot":{"x":2.769256114959717,"y":55.95165252685547,"z":12.308721542358399},"rotation":{"x":0.0024960851296782495,"y":-0.6794355511665344,"z":-0.0021469653584063055,"w":-0.7337028980255127},"size":0.1492425501346588,"orthographic":false}