{"cameraMode":{"drawMode":0,"name":"Shaded","section":"Shading Mode"},"sceneLighting":false,"audioPlay":false,"sceneViewState":{"m_AlwaysRefresh":false,"showFog":true,"showSkybox":false,"showFlares":true,"showImageEffects":true,"showParticleSystems":true,"showVisualEffectGraphs":true,"m_FxEnabled":true},"in2DMode":false,"pivot":{"x":3.077780246734619,"y":55.79495620727539,"z":12.440861701965332},"rotation":{"x":-0.001906869700178504,"y":-0.6805455684661865,"z":0.0019291664939373732,"w":-0.7326951026916504},"size":0.1492425501346588,"orthographic":false}