{"cameraMode":{"drawMode":0,"name":"Shaded","section":"Shading Mode"},"sceneLighting":false,"audioPlay":false,"sceneViewState":{"m_AlwaysRefresh":false,"showFog":true,"showSkybox":false,"showFlares":true,"showImageEffects":true,"showParticleSystems":true,"showVisualEffectGraphs":true,"m_FxEnabled":true},"in2DMode":false,"pivot":{"x":2.384185791015625e-7,"y":-0.5749999284744263,"z":-0.09999990463256836},"rotation":{"x":-0.08869335055351258,"y":-0.6311684846878052,"z":0.07313167303800583,"w":-0.7670803666114807},"size":4.9717326164245609,"orthographic":false}