{"cameraMode":{"drawMode":0,"name":"Shaded","section":"Shading Mode"},"sceneLighting":true,"audioPlay":false,"sceneViewState":{"m_AlwaysRefresh":false,"showFog":true,"showSkybox":true,"showFlares":true,"showImageEffects":true,"showParticleSystems":true,"showVisualEffectGraphs":true,"m_FxEnabled":true},"in2DMode":false,"pivot":{"x":-4.679620265960693,"y":60.20201873779297,"z":8.469597816467286},"rotation":{"x":0.009369639679789544,"y":-0.9894365668296814,"z":0.018346618860960008,"w":0.1479293704032898},"size":1.140727162361145,"orthographic":false}